"Location"	"V_G"	"V_E"	"V_P"	"H.2"
"subachoque"	134.35622283375	0.282709999304763	134.638932833055	0.997900235887525
"sumapaz"	69.482842555008	0.271139998551186	69.7539825535592	0.996112910136091
